<?xml version="1.0"?>
<!DOCTYPE hibernate-mapping PUBLIC "-//Hibernate/Hibernate Mapping DTD 3.0//EN"
"http://hibernate.sourceforge.net/hibernate-mapping-3.0.dtd">
<!-- Generated 16-jun-2021 13:24:42 by Hibernate Tools 3.5.0.Final -->
<hibernate-mapping>
	<class name="com.msl.persistencia.Pedido" table="Ejemplo3_Pedidos">

		<!-- PK compuesta -->
		<composite-id name="pedidoPK" class="com.msl.persistencia.PedidoPK">
			<key-property name="numPedido" column="ID_NUM_PEDIDO" />
			<key-property name="idProducto" column="ID_PRODUCTO" />
		</composite-id>

		<property name="descripcion" type="string">
			<column name="DESCRIPCION" />
		</property>

		<property name="cantidad" type="integer">
			<column name="CANTIDAD" />
		</property>

	</class>
</hibernate-mapping>
