<?xml version="1.0" encoding="UTF-8"?>
<!DOCTYPE hibernate-configuration PUBLIC "-//Hibernate/Hibernate Configuration DTD 3.0//EN"
                                         "http://www.hibernate.org/dtd/hibernate-configuration-3.0.dtd">
<hibernate-configuration>
	 <session-factory>
		  <property name="hibernate.connection.driver_class">com.mysql.jdbc.Driver</property>
		  <property name="hibernate.connection.url">jdbc:mysql://localhost:3306/Ejemplos_Hibernate</property>
		  <property name="hibernate.connection.username">root</property>
		  <property name="hibernate.dialect">org.hibernate.dialect.MySQL5InnoDBDialect</property>
		  <property name="hibernate.hbm2ddl.auto">create</property>
		  
		  <mapping resource="com/msl/persistencia/Persona.hbm.xml"/>
		  <mapping resource="com/msl/persistencia/Nif.hbm.xml"/>
		  <mapping resource="com/msl/persistencia/Telefono.hbm.xml"/>
		  <mapping resource="com/msl/persistencia/Coche.hbm.xml"/>
	  
	 </session-factory>
</hibernate-configuration>
