<?xml version="1.0"?>
<!DOCTYPE hibernate-mapping PUBLIC "-//Hibernate/Hibernate Mapping DTD 3.0//EN"
"http://hibernate.sourceforge.net/hibernate-mapping-3.0.dtd">
<!-- Generated 18-jun-2021 10:07:11 by Hibernate Tools 3.5.0.Final -->
<hibernate-mapping>
    <class name="com.msl.persistencia.Coche" table="Ejemplo7_Coches">
    
        <id name="id" type="long">
            <column name="ID_COCHE" />
            <generator class="native" />
        </id>
        
        <property name="matricula" type="string">
            <column name="MATRICULA" />
        </property>
        
        <property name="modelo" type="string">
            <column name="MODELO" />
        </property>
        
        <set name="propietarios" table="Ejemplo7_Personas_Coches" inverse="true" cascade="persist,merge,refresh" >
            <key>
                <column name="COCHE_ID" />
            </key>
            <many-to-many column="PERSONA_ID" class="com.msl.persistencia.Persona" />
        </set>
    </class>
</hibernate-mapping>
