<?xml version="1.0"?>
<!DOCTYPE hibernate-mapping PUBLIC "-//Hibernate/Hibernate Mapping DTD 3.0//EN"
"http://hibernate.sourceforge.net/hibernate-mapping-3.0.dtd">
<!-- Generated 18-jun-2021 10:07:11 by Hibernate Tools 3.5.0.Final -->
<hibernate-mapping>
    <class name="com.msl.persistencia.Nif" table="Ejemplo7_Nif">
    
        <id name="id" type="long">
            <column name="ID_NIF" />
            <generator class="native" />
        </id>
        
        <property name="numero" type="long">
            <column name="NUMERO" />
        </property>
        
        <property name="letra" type="character">
            <column name="LETRA" />
        </property>
        
        <!-- La entidad subordinada es Nif y donde utilizabamos mappedBy en JPA, Hibernate usa property-ref -->
        <one-to-one name="persona" class="com.msl.persistencia.Persona" property-ref="nif" />
        
    </class>
</hibernate-mapping>
