<?xml version="1.0"?>
<!DOCTYPE hibernate-mapping PUBLIC "-//Hibernate/Hibernate Mapping DTD 3.0//EN"
"http://hibernate.sourceforge.net/hibernate-mapping-3.0.dtd">
<!-- Generated 18-jun-2021 10:07:11 by Hibernate Tools 3.5.0.Final -->
<hibernate-mapping>
    <class name="com.msl.persistencia.Persona" table="Ejemplo7_Personas">
    
        <id name="id" type="long">
            <column name="ID_PERSONA" />
            <generator class="native" />
        </id>
        
        <property name="nombre" type="string">
            <column name="NOMBRE" />
        </property>
        
        <!-- Al ser Persona la entidad propietaria, creamos el campo para la FK -->
        <!-- many-to-one unique="true" marca la relaccion como one-to-one -->
        <many-to-one unique="true" name="nif" column="NIF_ID" class="com.msl.persistencia.Nif" cascade="all"/>
        
        <set name="telefonos" cascade="all">
            <key>
                <column name="PERSONA_ID" />
            </key>
            <one-to-many class="com.msl.persistencia.Telefono" />
        </set>
        
        <set name="coches" table="Ejemplo7_Personas_Coches" cascade="persist,merge,refresh">
            <key>
                <column name="PERSONA_ID" />
            </key>
            <many-to-many class="com.msl.persistencia.Coche" column="COCHE_ID" />
        </set>
    </class>
</hibernate-mapping>
