<?xml version="1.0"?>
<!DOCTYPE hibernate-mapping PUBLIC "-//Hibernate/Hibernate Mapping DTD 3.0//EN"
"http://hibernate.sourceforge.net/hibernate-mapping-3.0.dtd">
<!-- Generated 18-jun-2021 10:07:11 by Hibernate Tools 3.5.0.Final -->
<hibernate-mapping>
    <class name="com.msl.persistencia.Telefono" table="Ejemplo7_Telefonos">
    
        <id name="id" type="long">
            <column name="ID_TELEFONO" />
            <generator class="native" />
        </id>
        
        <property name="telefono" type="long">
            <column name="TELEFONO" />
        </property>
        
        <many-to-one name="persona" class="com.msl.persistencia.Persona" fetch="join">
            <column name="PERSONA_ID" />
        </many-to-one>
        
    </class>
</hibernate-mapping>
