<?xml version="1.0"?>
<!DOCTYPE hibernate-mapping PUBLIC "-//Hibernate/Hibernate Mapping DTD 3.0//EN"
"http://hibernate.sourceforge.net/hibernate-mapping-3.0.dtd">
<!-- Generated 16-jun-2021 13:24:42 by Hibernate Tools 3.5.0.Final -->
<hibernate-mapping>
	<class name="com.msl.persistencia.Persona" table="Ejemplo4_Personas" discriminator-value="PER">

		<!-- PK simple -->
		<id name="nif" type="java.lang.String">
			<column name="ID_NIF" />
			<generator class="assigned" />
		</id>

		<!-- El campo discriminador siempre hay que declararlo a continuacion de 
			la PK -->
		<discriminator column="TIPO" type="string" />

		<property name="nombre" type="string">
			<column name="NOMBRE" />
		</property>

		<property name="apellido" type="string">
			<column name="APELLIDO" />
		</property>

		<subclass name="com.msl.persistencia.Alumno" extends="com.msl.persistencia.Persona"
			discriminator-value="ALUM">
			<property name="curso" column="CURSO" type="string" />
		</subclass>

		<subclass name="com.msl.persistencia.Profesor" extends="com.msl.persistencia.Persona"
			discriminator-value="PROFE">
			<property name="titulacion" column="TITULACION" type="string" />
		</subclass>
	</class>
</hibernate-mapping>
