<?xml version="1.0"?>
<!DOCTYPE hibernate-mapping PUBLIC "-//Hibernate/Hibernate Mapping DTD 3.0//EN"
"http://hibernate.sourceforge.net/hibernate-mapping-3.0.dtd">
<!-- Generated 16-jun-2021 13:24:42 by Hibernate Tools 3.5.0.Final -->
<hibernate-mapping>
	<class name="com.msl.persistencia.Persona" table="Ejemplo9_Personas">

		<!-- PK simple -->
		<id name="nif" type="java.lang.String">
			<column name="ID_NIF" />
			<generator class="assigned" />
		</id>

		<property name="nombre" type="string">
			<column name="NOMBRE" />
		</property>

		<property name="edad" type="integer">
			<column name="EDAD" />
		</property>

		<property name="fechaNacimiento" type="date">
			<column name="FECHANACIMIENTO" />
		</property>

		<property name="sexo" type="character">
			<column name="SEXO" />
		</property>

		<component name="direccion" class="com.msl.models.Direccion">
			<property name="calle" column="CALLE" type="string" />
			<property name="poblacion" column="POBLACION" type="string" />
			<property name="cp" column="CODIGO_POSTAL" type="integer" />
		</component>

		<property name="estado">
			<column name="ESTADO_CIVIL" />
			<type name="org.hibernate.type.EnumType">
				<param name="enumClass">com.msl.models.EstadoCivil</param>
			</type>
		</property>

		<!-- IMPORTANTE !! El join tiene que ser el ultimo elemento del <class> -->
		<join table="Ejemplo9_CV">
			<key>
				<column name="ID_NIF" />
			</key>
		
			<property name="cv" column="CV" type="string" length="1000" lazy="true" />
				
		</join>



	</class>
</hibernate-mapping>
