<?xml version="1.0"?>
<!DOCTYPE hibernate-mapping PUBLIC "-//Hibernate/Hibernate Mapping DTD 3.0//EN"
"http://hibernate.sourceforge.net/hibernate-mapping-3.0.dtd">
<!-- Generated 16-jun-2021 13:24:42 by Hibernate Tools 3.5.0.Final -->
<hibernate-mapping>
	<class name="com.msl.persistencia.Persona" table="Ejemplo5_Personas" >

		<!-- PK simple -->
		<id name="nif" type="java.lang.String">
			<column name="ID_NIF" />
			<generator class="assigned" />
		</id>

		<property name="nombre" type="string">
			<column name="NOMBRE" />
		</property>

		<property name="apellido" type="string">
			<column name="APELLIDO" />
		</property>

		<joined-subclass name="com.msl.persistencia.Alumno" extends="com.msl.persistencia.Persona"
			table="Ejemplo5_Alumnos">
			<key column="ID_ALUMNO" />
			<property name="curso" column="CURSO" type="string" />
		</joined-subclass>

		<joined-subclass name="com.msl.persistencia.Profesor" extends="com.msl.persistencia.Persona"
			table="Ejemplo5_Profesor">
			<key column="ID_PROFESOR" />
			<property name="titulacion" column="TITULACION" type="string" />
		</joined-subclass>
	</class>
</hibernate-mapping>
